,RMSE,MAE,R²
Linear Regression,22.33365441772582,17.331192627720696,0.9052268651526296
Decision Tree,13.969346366116326,10.932377860195361,0.9629218690367412
Random Forest,11.397059361888052,9.278022,0.9753196517593257
